USE biblioteca_db;

-- =========================
-- ESCRITO_POR
-- =========================

INSERT INTO escrito_por (id_autor, id_libro) VALUES
(1, 1),
(2, 1),
(2, 2),
(3, 3),
(4, 4),
(5, 5),
(6, 6),
(7, 7),
(3, 8),
(8, 9),
(9, 10),
(1, 11),
(2, 11),
(10, 12),
(6, 13),
(7, 14),
(5, 15),
(10, 15);

-- =========================
-- ESCRITO_EN
-- =========================

INSERT INTO escrito_en (id_libro, id_idioma) VALUES
(1, 1),
(1, 2),
(2, 1),
(3, 1),
(3, 2),
(4, 1),
(4, 2),
(5, 1),
(6, 1),
(7, 1),
(7, 2),
(8, 1),
(9, 1),
(9, 2),
(10, 1),
(11, 1),
(11, 2),
(12, 1),
(13, 1),
(14, 1),
(15, 1);

-- =========================
-- EDICIONES
-- =========================

INSERT INTO edicion (isbn, indice, f_publicacion, id_libro, id_estanteria, id_editorial) VALUES
('978-950-000001', 'Modelo relacional, SQL, normalizacion, transacciones', '2020-03-15', 1, 1, 1),
('978-950-000002', 'Variables, estructuras de control, funciones, archivos', '2019-08-10', 2, 1, 2),
('978-950-000003', 'Procesos, memoria, archivos, concurrencia', '2021-05-21', 3, 2, 3),
('978-950-000004', 'Modelo OSI, TCP/IP, routing, seguridad en redes', '2018-11-30', 4, 2, 4),
('978-950-000005', 'Requerimientos, diseño, pruebas, mantenimiento', '2022-02-12', 5, 3, 1),
('978-950-000006', 'Logica, conjuntos, relaciones, grafos, combinatoria', '2017-04-05', 6, 3, 5),
('978-950-000007', 'Listas, pilas, colas, arboles, grafos, ordenamiento', '2021-09-18', 7, 4, 2),
('978-950-000008', 'CPU, memoria, buses, instrucciones, ensamblador', '2020-10-03', 8, 4, 6),
('978-950-000009', 'Busqueda, aprendizaje automatico, redes neuronales', '2023-06-25', 9, 5, 3),
('978-950-000010', 'Criptografia, ataques, defensa, auditoria', '2022-12-01', 10, 5, 4),
('978-950-000011', 'SQL avanzado, indices, vistas, triggers', '2024-03-10', 11, 1, 1),
('978-950-000012', 'Analisis, UML, requerimientos, diseño orientado a objetos', '2023-08-14', 12, 6, 8),
('978-950-000013', 'Logica proposicional, predicados, demostraciones', '2020-06-22', 13, 6, 5),
('978-950-000014', 'Clases, objetos, herencia, polimorfismo', '2021-04-17', 14, 7, 7),
('978-950-000015', 'Planificacion, costos, riesgos, seguimiento de proyectos', '2022-09-01', 15, 8, 8);

-- =========================
-- EJEMPLARES
-- =========================

INSERT INTO ejemplar (isbn, nro_ejemplar, estado) VALUES
('978-950-000001', 1, 'Disponible'),
('978-950-000001', 2, 'Disponible'),
('978-950-000001', 3, 'Prestado'),

('978-950-000002', 1, 'Disponible'),
('978-950-000002', 2, 'Prestado'),

('978-950-000003', 1, 'Disponible'),
('978-950-000003', 2, 'Disponible'),
('978-950-000003', 3, 'Prestado'),

('978-950-000004', 1, 'Prestado'),
('978-950-000004', 2, 'Disponible'),

('978-950-000005', 1, 'Disponible'),
('978-950-000005', 2, 'Disponible'),

('978-950-000006', 1, 'Disponible'),
('978-950-000006', 2, 'Dañado'),

('978-950-000007', 1, 'Prestado'),
('978-950-000007', 2, 'Disponible'),
('978-950-000007', 3, 'Disponible'),

('978-950-000008', 1, 'Disponible'),
('978-950-000008', 2, 'Disponible'),

('978-950-000009', 1, 'Prestado'),
('978-950-000009', 2, 'Disponible'),

('978-950-000010', 1, 'Disponible'),
('978-950-000010', 2, 'Disponible'),

('978-950-000011', 1, 'Disponible'),
('978-950-000011', 2, 'Disponible'),

('978-950-000012', 1, 'Disponible'),
('978-950-000012', 2, 'Prestado'),

('978-950-000013', 1, 'Disponible'),
('978-950-000013', 2, 'Disponible'),

('978-950-000014', 1, 'Disponible'),
('978-950-000014', 2, 'Prestado'),

('978-950-000015', 1, 'Disponible'),
('978-950-000015', 2, 'Disponible');

-- =========================
-- TRATA
-- =========================

INSERT INTO trata (id_tema, isbn) VALUES
(1, '978-950-000001'),
(11, '978-950-000001'),
(1, '978-950-000011'),
(11, '978-950-000011'),

(2, '978-950-000002'),
(2, '978-950-000014'),

(3, '978-950-000003'),
(4, '978-950-000004'),
(5, '978-950-000005'),
(6, '978-950-000006'),
(13, '978-950-000006'),
(7, '978-950-000007'),
(8, '978-950-000008'),
(9, '978-950-000009'),
(10, '978-950-000010'),
(12, '978-950-000012'),
(13, '978-950-000013'),
(14, '978-950-000015');

-- =========================
-- SE_IDENTIFICA_CON
-- =========================

INSERT INTO se_identifica_con (id_palabra, isbn) VALUES
(1, '978-950-000001'),
(2, '978-950-000001'),
(3, '978-950-000001'),

(1, '978-950-000011'),
(21, '978-950-000011'),
(22, '978-950-000011'),
(23, '978-950-000011'),

(4, '978-950-000002'),
(5, '978-950-000002'),

(6, '978-950-000003'),
(7, '978-950-000003'),

(8, '978-950-000004'),
(9, '978-950-000004'),

(10, '978-950-000005'),
(11, '978-950-000005'),

(12, '978-950-000006'),
(13, '978-950-000006'),

(12, '978-950-000007'),
(14, '978-950-000007'),
(15, '978-950-000007'),

(16, '978-950-000008'),

(17, '978-950-000009'),
(18, '978-950-000009'),

(19, '978-950-000010'),
(20, '978-950-000010'),

(25, '978-950-000012'),
(10, '978-950-000012'),

(13, '978-950-000013'),

(24, '978-950-000014'),

(26, '978-950-000015');

-- =========================
-- ALUMNOS
-- =========================

INSERT INTO alumno (nro_lector, lu) VALUES
(1, 'LU-1001'),
(2, 'LU-1002'),
(3, 'LU-1003'),
(4, 'LU-1004'),
(5, 'LU-1005'),
(6, 'LU-1006'),
(13, 'LU-1007'),
(14, 'LU-1008');

-- =========================
-- EGRESADOS
-- =========================

INSERT INTO egresado (nro_lector, f_egreso) VALUES
(7, '2021-12-15'),
(8, '2020-07-20'),
(9, '2022-03-10'),
(15, '2019-11-28'),
(16, '2023-08-05');

-- =========================
-- PROFESORES
-- =========================

INSERT INTO profesor (nro_lector) VALUES
(10),
(11),
(12),
(17),
(18);

-- =========================
-- DICTA
-- =========================

INSERT INTO dicta (nro_lector, cod_mat) VALUES
(10, 'BD01'),
(10, 'BD02'),
(10, 'PROG1'),

(11, 'SO01'),
(11, 'RED01'),
(11, 'SEG01'),

(12, 'IS01'),
(12, 'MAT01'),
(12, 'ALG01'),
(12, 'IA01'),

(17, 'ARQ01'),
(17, 'LOG01'),

(18, 'ADS01'),
(18, 'GP01'),
(18, 'PROG2');

-- =========================
-- BIBLIOGRAFIA OBLIGATORIA
-- =========================

INSERT INTO biblio_oblig (id_libro, cod_mat) VALUES
(1, 'BD01'),
(11, 'BD02'),
(2, 'PROG1'),
(14, 'PROG2'),
(3, 'SO01'),
(4, 'RED01'),
(5, 'IS01'),
(6, 'MAT01'),
(7, 'ALG01'),
(9, 'IA01'),
(10, 'SEG01'),
(8, 'ARQ01'),
(12, 'ADS01'),
(13, 'LOG01'),
(15, 'GP01');

-- =========================
-- BIBLIOGRAFIA OPTATIVA
-- =========================

INSERT INTO biblio_opt (id_libro, cod_mat) VALUES
(7, 'BD01'),
(1, 'BD02'),
(6, 'PROG1'),
(7, 'PROG2'),
(8, 'SO01'),
(10, 'RED01'),
(1, 'IS01'),
(13, 'MAT01'),
(12, 'ALG01'),
(6, 'IA01'),
(4, 'SEG01'),
(3, 'ARQ01'),
(5, 'ADS01'),
(6, 'LOG01'),
(12, 'GP01');

-- =========================
-- RECOMIENDA
-- =========================

INSERT INTO recomienda (id_libro, nro_lector, cod_mat) VALUES
(1, 10, 'BD01'),
(11, 10, 'BD02'),
(2, 10, 'PROG1'),

(3, 11, 'SO01'),
(4, 11, 'RED01'),
(10, 11, 'SEG01'),

(5, 12, 'IS01'),
(6, 12, 'MAT01'),
(7, 12, 'ALG01'),
(9, 12, 'IA01'),

(8, 17, 'ARQ01'),
(13, 17, 'LOG01'),

(12, 18, 'ADS01'),
(15, 18, 'GP01'),
(14, 18, 'PROG2');

-- =========================
-- PRESTAMOS
-- =========================

INSERT INTO prestamo (id_prestamo, fh_inicio, fh_fin, nro_lector) VALUES
(1, '2026-05-01 10:00:00', '2026-05-15 10:00:00', 1),
(2, '2026-05-03 12:30:00', '2026-05-17 12:30:00', 2),
(3, '2026-05-05 09:15:00', '2026-05-19 09:15:00', 3),
(4, '2026-05-07 15:45:00', '2026-05-21 15:45:00', 4),
(5, '2026-05-10 11:00:00', '2026-05-24 11:00:00', 5),
(6, '2026-05-12 14:20:00', '2026-05-26 14:20:00', 6),
(7, '2026-05-14 08:30:00', '2026-05-28 08:30:00', 7),
(8, '2026-05-16 13:00:00', '2026-05-30 13:00:00', 8),
(9, '2026-05-18 16:10:00', '2026-06-01 16:10:00', 9),
(10, '2026-05-20 10:40:00', '2026-06-03 10:40:00', 1),
(11, '2026-05-22 17:00:00', '2026-06-05 17:00:00', 2),
(12, '2026-05-25 09:00:00', '2026-06-08 09:00:00', 3),
(13, '2026-05-26 11:20:00', '2026-06-09 11:20:00', 13),
(14, '2026-05-27 16:00:00', '2026-06-10 16:00:00', 14),
(15, '2026-05-28 09:45:00', '2026-06-11 09:45:00', 15);

-- =========================
-- INCLUYE
-- =========================

INSERT INTO incluye (id_prestamo, isbn, nro_ejemplar) VALUES
(1, '978-950-000001', 3),
(1, '978-950-000004', 1),

(2, '978-950-000002', 2),
(2, '978-950-000007', 1),

(3, '978-950-000009', 1),

(4, '978-950-000012', 2),
(4, '978-950-000003', 1),

(5, '978-950-000005', 1),
(5, '978-950-000006', 1),

(6, '978-950-000010', 1),

(7, '978-950-000008', 1),
(7, '978-950-000011', 1),

(8, '978-950-000003', 2),
(8, '978-950-000005', 2),

(9, '978-950-000006', 2),

(10, '978-950-000011', 2),
(10, '978-950-000010', 2),

(11, '978-950-000012', 1),

(12, '978-950-000007', 2),
(12, '978-950-000001', 1),

(13, '978-950-000013', 1),
(13, '978-950-000014', 1),

(14, '978-950-000015', 1),
(14, '978-950-000008', 2),

(15, '978-950-000014', 2);