USE biblioteca_db;

-- =========================
-- RELACIONES DE AUTORIA
-- =========================
INSERT INTO escrito_por (id_autor, id_libro) VALUES
(1,1), (2,2), (3,3), (4,4), (5,5), (6,6), (7,7), (3,8), (8,9), (13,10), 
(1,11), (5,12), (6,13), (5,14), (5,15), (6,16), (5,17), (8,18), (8,19), 
(13,20), (14,21), (9,22), (10,23), (11,24), (12,25), (15,26), (4,27), 
(1,28), (8,29), (15,30);

-- =========================
-- IDIOMAS
-- =========================
INSERT INTO escrito_en (id_libro, id_idioma) VALUES
(1,1), (2,1), (3,1), (4,1), (5,2), (6,1), (7,1), (8,2), (9,2), (10,1),
(11,1), (12,1), (13,1), (14,1), (15,1), (16,2), (17,2), (18,2), (19,2), (20,1),
(21,1), (22,1), (23,1), (24,1), (25,2), (26,1), (27,2), (28,2), (29,2), (30,2);

-- =========================
-- EDICIONES (Un ISBN único para cada uno de los 30 libros)
-- =========================
INSERT INTO edicion (isbn, indice, f_publicacion, id_libro, id_estanteria, id_editorial) VALUES
('978-000-01', 'Indice BD', '2020-03-15', 1, 1, 1),
('978-000-02', 'Indice C/C++', '2019-08-10', 2, 1, 2),
('978-000-03', 'Indice SO', '2021-05-21', 3, 2, 3),
('978-000-04', 'Indice Redes', '2018-11-30', 4, 2, 4),
('978-000-05', 'Indice Software', '2022-02-12', 5, 2, 7),
('978-000-06', 'Indice Matematica', '2017-04-05', 6, 3, 5),
('978-000-07', 'Indice Algoritmos', '2021-09-18', 7, 4, 2),
('978-000-08', 'Indice Arq Comp', '2020-10-03', 8, 4, 6),
('978-000-09', 'Indice IA', '2023-06-25', 9, 5, 3),
('978-000-10', 'Indice Seguridad', '2022-12-01', 10, 5, 4),
('978-000-11', 'Indice SQL Avanzado', '2024-03-10', 11, 1, 1),
('978-000-12', 'Indice Analisis Sis', '2023-08-14', 12, 6, 8),
('978-000-13', 'Indice Logica', '2020-06-22', 13, 6, 5),
('978-000-14', 'Indice POO', '2021-04-17', 14, 7, 7),
('978-000-15', 'Indice Admin Proy', '2022-09-01', 15, 8, 8),
('978-000-16', 'Indice Clean Code', '2008-08-01', 16, 2, 7),
('978-000-17', 'Indice Refactoring', '1999-07-08', 17, 2, 7),
('978-000-18', 'Indice YOLO', '2023-01-10', 18, 3, 6),
('978-000-19', 'Indice Edge Jetson', '2022-05-20', 19, 3, 6),
('978-000-20', 'Indice ART', '2018-11-30', 20, 4, 1),
('978-000-21', 'Indice Curva Engel', '2015-04-12', 21, 5, 4),
('978-000-22', 'Indice 1984', '1949-06-08', 22, 6, 8),
('978-000-23', 'Indice Macondo', '1967-05-30', 23, 6, 8),
('978-000-24', 'Indice Aleph', '1949-09-15', 24, 7, 8),
('978-000-25', 'Indice Fahrenheit', '1953-10-19', 25, 7, 8),
('978-000-26', 'Indice Señales', '1996-08-16', 26, 8, 3),
('978-000-27', 'Indice Ladder', '2010-11-20', 27, 9, 2),
('978-000-28', 'Indice NoSQL', '2019-02-28', 28, 1, 6),
('978-000-29', 'Indice Colab', '2021-07-15', 29, 10, 6),
('978-000-30', 'Indice Cripto', '2015-03-10', 30, 11, 4);

-- =========================
-- EJEMPLARES (Hasta 5 copias por libro)
-- =========================
INSERT INTO ejemplar (isbn, nro_ejemplar, estado) VALUES
-- Libros muy demandados (5 ejemplares)
('978-000-01', 1, 'Disponible'), ('978-000-01', 2, 'Disponible'), ('978-000-01', 3, 'Disponible'), ('978-000-01', 4, 'Disponible'), ('978-000-01', 5, 'Disponible'),
('978-000-02', 1, 'Disponible'), ('978-000-02', 2, 'Disponible'), ('978-000-02', 3, 'Disponible'), ('978-000-02', 4, 'Disponible'), ('978-000-02', 5, 'Disponible'),
('978-000-18', 1, 'Disponible'), ('978-000-18', 2, 'Disponible'), ('978-000-18', 3, 'Disponible'), ('978-000-18', 4, 'Disponible'), ('978-000-18', 5, 'Disponible'),

-- Libros de demanda media (3 ejemplares)
('978-000-05', 1, 'Disponible'), ('978-000-05', 2, 'Disponible'), ('978-000-05', 3, 'Disponible'),
('978-000-16', 1, 'Disponible'), ('978-000-16', 2, 'Disponible'), ('978-000-16', 3, 'Dañado'),
('978-000-17', 1, 'Disponible'), ('978-000-17', 2, 'Disponible'), ('978-000-17', 3, 'Disponible'),
('978-000-19', 1, 'Disponible'), ('978-000-19', 2, 'Disponible'), ('978-000-19', 3, 'Disponible'),
('978-000-20', 1, 'Disponible'), ('978-000-20', 2, 'Disponible'), ('978-000-20', 3, 'Disponible'),
('978-000-23', 1, 'Disponible'), ('978-000-23', 2, 'Dañado'), ('978-000-23', 3, 'Disponible'),

-- Libros estándar (2 ejemplares)
('978-000-03', 1, 'Disponible'), ('978-000-03', 2, 'Disponible'),
('978-000-04', 1, 'Disponible'), ('978-000-04', 2, 'Disponible'),
('978-000-06', 1, 'Disponible'), ('978-000-06', 2, 'Disponible'),
('978-000-07', 1, 'Disponible'), ('978-000-07', 2, 'Disponible'),
('978-000-08', 1, 'Disponible'), ('978-000-08', 2, 'Disponible'),
('978-000-09', 1, 'Disponible'), ('978-000-09', 2, 'Disponible'),
('978-000-10', 1, 'Disponible'), ('978-000-10', 2, 'Disponible'),
('978-000-11', 1, 'Disponible'), ('978-000-11', 2, 'Disponible'),
('978-000-21', 1, 'Disponible'), ('978-000-21', 2, 'Disponible'),
('978-000-22', 1, 'Disponible'), ('978-000-22', 2, 'Disponible'),
('978-000-26', 1, 'Disponible'), ('978-000-26', 2, 'Disponible'),
('978-000-27', 1, 'Disponible'), ('978-000-27', 2, 'Disponible'),
('978-000-28', 1, 'Disponible'), ('978-000-28', 2, 'Disponible'),
('978-000-29', 1, 'Disponible'), ('978-000-29', 2, 'Disponible'),
('978-000-30', 1, 'Disponible'), ('978-000-30', 2, 'Disponible'),

-- Libros de poca demanda (1 ejemplar)
('978-000-12', 1, 'Disponible'),
('978-000-13', 1, 'Disponible'),
('978-000-14', 1, 'Disponible'),
('978-000-15', 1, 'Disponible'),
('978-000-24', 1, 'Disponible'),
('978-000-25', 1, 'Disponible');

-- =========================
-- TEMAS
-- =========================
INSERT INTO trata (id_tema, isbn) VALUES
(1, '978-000-01'), (2, '978-000-02'), (3, '978-000-03'), (4, '978-000-04'), 
(5, '978-000-05'), (6, '978-000-06'), (2, '978-000-07'), (7, '978-000-08'), 
(8, '978-000-09'), (9, '978-000-10'), (1, '978-000-11'), (5, '978-000-12'), 
(6, '978-000-13'), (2, '978-000-14'), (5, '978-000-15'), (5, '978-000-16'),
(5, '978-000-17'), (8, '978-000-18'), (7, '978-000-19'), (12, '978-000-20'),
(11, '978-000-21'), (10, '978-000-22'), (10, '978-000-23'), (10, '978-000-24'), 
(10, '978-000-25'), (6, '978-000-26'), (7, '978-000-27'), (1, '978-000-28'), 
(8, '978-000-29'), (9, '978-000-30');


-- =========================
-- PALABRAS CLAVE
-- =========================
INSERT INTO se_identifica_con (id_palabra, isbn) VALUES
(1, '978-000-01'), (4, '978-000-02'), (3, '978-000-05'), (5, '978-000-07'), 
(1, '978-000-11'), (3, '978-000-14'), (10, '978-000-17'), (6, '978-000-18'),
(8, '978-000-19'), (11, '978-000-20'), (12, '978-000-21'), (13, '978-000-22'), 
(14, '978-000-23'), (15, '978-000-26');

-- =========================
-- ROLES ACADEMICOS
-- =========================
INSERT INTO alumno (nro_lector, lu) VALUES
(1, 'LU-1001'), (2, 'LU-1002'), (3, 'LU-1003'), (4, 'LU-1004'), (5, 'LU-1005'),
(6, 'LU-1006'), (7, 'LU-1007'), (8, 'LU-1008'), (9, 'LU-1009'), (10, 'LU-1010'),
(19, 'LU-1019'), (20, 'LU-1020');

INSERT INTO profesor (nro_lector) VALUES (11), (12), (13), (14), (15), (16), (17), (18);

INSERT INTO dicta (nro_lector, cod_mat) VALUES
(11, 'BD01'), (12, 'PROG1'), (13, 'VC01'), (13, 'EC01'), (14, 'SEG01'), (15, 'MIC01');

-- =========================
-- HISTORIAL DE PRÉSTAMOS (50 Préstamos)
-- =========================
INSERT INTO prestamo (id_prestamo, fh_inicio, fh_fin, fh_devolucion, nro_lector) VALUES
-- ---------------------------------
-- AÑO 2023 (10 Préstamos)
-- ---------------------------------
(1, '2023-03-01 09:00:00', '2023-03-15 09:00:00', '2023-03-14 10:00:00', 2),
(2, '2023-04-10 11:30:00', '2023-04-24 11:30:00', '2023-04-25 10:00:00', 3), -- Devuelto 1 día tarde
(3, '2023-05-05 14:00:00', '2023-05-19 14:00:00', '2023-05-18 14:00:00', 4),
(4, '2023-06-12 10:15:00', '2023-06-26 10:15:00', '2023-06-26 10:15:00', 5),
(5, '2023-07-20 16:45:00', '2023-08-03 16:45:00', '2023-08-01 16:45:00', 6),
(6, '2023-08-08 09:30:00', '2023-08-22 09:30:00', '2023-08-20 09:30:00', 7),
(7, '2023-09-15 11:00:00', '2023-09-29 11:00:00', '2023-09-30 11:00:00', 8),
(8, '2023-10-02 13:20:00', '2023-10-16 13:20:00', '2023-10-15 13:20:00', 9),
(9, '2023-11-10 15:00:00', '2023-11-24 15:00:00', '2023-11-20 15:00:00', 10),
(10, '2023-12-05 10:00:00', '2023-12-19 10:00:00', '2023-12-18 10:00:00', 11),

-- ---------------------------------
-- AÑO 2024 (10 Préstamos)
-- ---------------------------------
(11, '2024-02-14 09:00:00', '2024-02-28 09:00:00', '2024-02-27 09:00:00', 12),
(12, '2024-03-20 10:30:00', '2024-04-03 10:30:00', '2024-04-01 10:30:00', 13),
(13, '2024-04-10 14:00:00', '2024-04-24 14:00:00', '2024-04-25 14:00:00', 14),
(14, '2024-05-15 11:15:00', '2024-05-29 11:15:00', '2024-05-28 11:15:00', 15),
(15, '2024-06-01 16:45:00', '2024-06-15 16:45:00', '2024-06-12 16:45:00', 16),
(16, '2024-07-22 09:30:00', '2024-08-05 09:30:00', '2024-08-05 09:30:00', 17),
(17, '2024-08-10 11:00:00', '2024-08-24 11:00:00', '2024-08-23 11:00:00', 18),
(18, '2024-09-05 13:20:00', '2024-09-19 13:20:00', '2024-09-18 13:20:00', 19),
(19, '2024-10-18 15:00:00', '2024-11-01 15:00:00', '2024-11-02 15:00:00', 20),
(20, '2024-11-25 10:00:00', '2024-12-09 10:00:00', '2024-12-08 10:00:00', 2),

-- ---------------------------------
-- AÑO 2025 (15 Préstamos) 
-- Meses superpuestos para comparar con 2026 (Métricas LAG)
-- ---------------------------------
-- CASO DIVISIÓN RELACIONAL: Lector 1 lee los 3 libros de M. Fowler
(21, '2025-01-10 10:00:00', '2025-01-24 10:00:00', '2025-01-20 10:00:00', 1), -- Lee Clean Code
(22, '2025-03-05 10:00:00', '2025-03-19 10:00:00', '2025-03-15 10:00:00', 1), -- Lee Refactoring
(23, '2025-05-02 10:00:00', '2025-05-16 10:00:00', '2025-05-14 10:00:00', 1), -- Lee Ing. de Software

(24, '2025-05-10 11:30:00', '2025-05-24 11:30:00', '2025-05-23 11:30:00', 3),
(25, '2025-05-20 14:00:00', '2025-06-03 14:00:00', '2025-06-01 14:00:00', 4),
(26, '2025-05-28 10:15:00', '2025-06-11 10:15:00', '2025-06-10 10:15:00', 5),
(27, '2025-06-05 16:45:00', '2025-06-19 16:45:00', '2025-06-18 16:45:00', 6),
(28, '2025-06-15 09:30:00', '2025-06-29 09:30:00', '2025-06-29 09:30:00', 7),
(29, '2025-06-22 11:00:00', '2025-07-06 11:00:00', '2025-07-05 11:00:00', 8),
(30, '2025-07-10 13:20:00', '2025-07-24 13:20:00', '2025-07-25 13:20:00', 9),
(31, '2025-08-15 15:00:00', '2025-08-29 15:00:00', '2025-08-28 15:00:00', 10),
(32, '2025-09-20 10:00:00', '2025-10-04 10:00:00', '2025-10-02 10:00:00', 11),
(33, '2025-10-05 09:00:00', '2025-10-19 09:00:00', '2025-10-18 09:00:00', 12),
(34, '2025-11-12 10:30:00', '2025-11-26 10:30:00', '2025-11-25 10:30:00', 13),
(35, '2025-12-01 14:00:00', '2025-12-15 14:00:00', '2025-12-14 14:00:00', 14),

-- ---------------------------------
-- AÑO 2026 (15 Préstamos) 
-- Pruebas de Vencidos y Activos
-- ---------------------------------
-- Históricos recientes (ya devueltos)
(36, '2026-03-10 11:15:00', '2026-03-24 11:15:00', '2026-03-23 11:15:00', 15),
(37, '2026-04-05 16:45:00', '2026-04-19 16:45:00', '2026-04-18 16:45:00', 16),
(38, '2026-05-02 09:30:00', '2026-05-16 09:30:00', '2026-05-15 09:30:00', 17),
(39, '2026-05-12 11:00:00', '2026-05-26 11:00:00', '2026-05-25 11:00:00', 18),
(40, '2026-05-20 13:20:00', '2026-06-03 13:20:00', '2026-06-02 13:20:00', 19),

-- Préstamos VENCIDOS (Aún no devueltos y su fecha fin ya pasó)
(41, '2026-05-28 15:00:00', '2026-06-11 15:00:00', NULL, 20), 
(42, '2026-06-01 10:00:00', '2026-06-15 10:00:00', NULL, 2),  
(43, '2026-06-05 09:00:00', '2026-06-19 09:00:00', NULL, 3), 
(44, '2026-06-10 10:30:00', '2026-06-24 10:30:00', NULL, 4), 

-- Préstamos ACTIVOS / EN TÉRMINO (Aún no devueltos, fecha fin en el futuro)
(45, '2026-06-15 14:00:00', '2026-06-29 14:00:00', NULL, 5),  
(46, '2026-06-18 11:15:00', '2026-07-02 11:15:00', NULL, 6), 
(47, '2026-06-20 16:45:00', '2026-07-04 16:45:00', NULL, 7), 
(48, '2026-06-22 09:30:00', '2026-07-06 09:30:00', NULL, 8), 
(49, '2026-06-24 11:00:00', '2026-07-08 11:00:00', NULL, 9),  
(50, '2026-06-25 13:20:00', '2026-07-09 13:20:00', NULL, 10);

-- =========================
-- INCLUYE (Asignación de ejemplares para los préstamos)
-- Algunos préstamos incluyen más de 1 libro
-- =========================
INSERT INTO incluye (id_prestamo, isbn, nro_ejemplar) VALUES
-- 2023
(1, '978-000-01', 1), (1, '978-000-02', 1), -- Préstamo 1 se lleva 2 libros
(2, '978-000-03', 1),
(3, '978-000-04', 1),
(4, '978-000-05', 1),
(5, '978-000-06', 1),
(6, '978-000-07', 1),
(7, '978-000-08', 1),
(8, '978-000-09', 1),
(9, '978-000-10', 1),
(10, '978-000-11', 1), (10, '978-000-12', 1),

-- 2024
(11, '978-000-13', 1),
(12, '978-000-14', 1),
(13, '978-000-15', 1),
(14, '978-000-18', 1), -- YOLO
(15, '978-000-19', 1), -- Edge Computing
(16, '978-000-20', 1), -- Seguridad Industrial
(17, '978-000-21', 1),
(18, '978-000-22', 1),
(19, '978-000-23', 1),
(20, '978-000-24', 1), (20, '978-000-25', 1),

-- 2025 (Incluye los de la División Relacional)
(21, '978-000-16', 1), -- Lector 1: Clean Code
(22, '978-000-17', 1), -- Lector 1: Refactoring
(23, '978-000-05', 2), -- Lector 1: Ing. de Software
(24, '978-000-26', 1),
(25, '978-000-27', 1),
(26, '978-000-28', 1),
(27, '978-000-29', 1),
(28, '978-000-30', 1),
(29, '978-000-01', 2),
(30, '978-000-02', 2),
(31, '978-000-18', 2), -- YOLO
(32, '978-000-19', 2), -- Edge Computing
(33, '978-000-20', 2), -- Seguridad Industrial
(34, '978-000-01', 3),
(35, '978-000-02', 3),

-- 2026 (Activos, Vencidos e Históricos)
(36, '978-000-03', 2),
(37, '978-000-04', 2),
(38, '978-000-06', 2),
(39, '978-000-07', 2),
(40, '978-000-08', 2),
(41, '978-000-09', 2), -- Vencido
(42, '978-000-10', 2), -- Vencido
(43, '978-000-11', 2), -- Vencido
(44, '978-000-18', 3), -- Vencido (YOLO)
(45, '978-000-19', 3), -- Activo (Edge Computing)
(46, '978-000-20', 3), -- Activo (Seguridad Industrial)
(47, '978-000-21', 2), -- Activo
(48, '978-000-22', 2), -- Activo
(49, '978-000-23', 2), -- Activo
(50, '978-000-26', 2), (50, '978-000-27', 2); -- Activo (lleva 2 libros)

-- =========================
-- BIBLIOGRAFIA OBLIGATORIA
-- =========================
INSERT INTO biblio_oblig (id_libro, cod_mat) VALUES
(1, 'BD01'),      -- Bases de Datos I -> Introducción a las BD
(14, 'PROG1'),    -- Programación -> POO: Patrones de Diseño
(2, 'PROG1'),     -- Programación -> Fundamentos en C y C++
(3, 'SO01'),      -- Sistemas Operativos -> SO Modernos
(4, 'RED01'),     -- Redes -> Redes de Computadoras
(5, 'IS01'),      -- Arq. de Software -> Ingeniería de Software
(16, 'IS01'),     -- Arq. de Software -> Clean Code
(6, 'MAT01'),     -- Matemática Discreta -> Matemática Discreta
(18, 'VC01'),     -- Visión Computacional -> Visión Artificial con YOLO
(19, 'EC01'),     -- Edge Computing -> IA en Dispositivos Embebidos (Jetson)
(20, 'SEG01'),    -- Seguridad Industrial -> Higiene y Seguridad
(21, 'MIC01'),    -- Microeconomía -> Microeconomía Básica
(26, 'SEN01');    -- Teoría de Señales -> Señales y Sistemas Lineales

-- =========================
-- BIBLIOGRAFIA OPTATIVA
-- =========================
INSERT INTO biblio_opt (id_libro, cod_mat) VALUES
(11, 'BD01'),     -- Bases de Datos I -> SQL Avanzado (Para profundizar)
(28, 'BD01'),     -- Bases de Datos I -> Bases de Datos NoSQL
(7, 'PROG1'),     -- Programación -> Algoritmos y Estructuras en C
(17, 'IS01'),     -- Arq. de Software -> Refactoring
(12, 'IS01'),     -- Arq. de Software -> Análisis y Diseño de Sistemas
(29, 'VC01'),     -- Visión Computacional -> Machine Learning con Python y Colab
(9, 'VC01'),      -- Visión Computacional -> IA: Un Enfoque Moderno
(8, 'EC01'),      -- Edge Computing -> Arquitectura de Computadoras
(27, 'EC01'),     -- Edge Computing -> Sistemas de Control (VHDL y Ladder)
(10, 'RED01'),    -- Redes -> Seguridad Informática
(30, 'RED01'),    -- Redes -> Criptografía Aplicada
(13, 'MAT01');    -- Matemática Discreta -> Lógica Computacional

-- =========================
-- EGRESADOS
-- =========================
-- Registramos a algunos lectores alumnos que ya completaron sus estudios
INSERT INTO egresado (nro_lector, f_egreso) VALUES
(7, '2023-12-15'),
(8, '2024-07-20'),
(9, '2025-03-10'),
(10, '2025-12-20');

-- =========================
-- RECOMIENDA
-- =========================
-- Las recomendaciones cruzadas entre los libros disponibles y los profesores que dictan cada materia
INSERT INTO recomienda (id_libro, nro_lector, cod_mat) VALUES
-- Prof. 11 (Bases de Datos I)
(1, 11, 'BD01'),   -- Introducción a las Bases de Datos
(11, 11, 'BD01'),  -- SQL Avanzado
(28, 11, 'BD01'),  -- Bases de Datos NoSQL

-- Prof. 12 (Programación Orientada a Objetos)
(2, 12, 'PROG1'),  -- Fundamentos de Programación en C y C++
(14, 12, 'PROG1'), -- POO: Patrones de Diseño

-- Prof. 13 (Visión Computacional y Edge Computing)
(18, 13, 'VC01'),  -- Desarrollo de Sistemas de Visión Artificial con YOLO
(29, 13, 'VC01'),  -- Machine Learning con Python y Google Colab
(19, 13, 'EC01'),  -- Edge Computing: IA en Dispositivos Embebidos (Jetson & Pi)
(8, 13, 'EC01'),   -- Arquitectura de Computadoras y Microcontroladores

-- Prof. 14 (Seguridad e Higiene Industrial)
(20, 14, 'SEG01'), -- Higiene y Seguridad en Entornos Industriales

-- Prof. 15 (Microeconomía)
(21, 15, 'MIC01'); -- Microeconomía Básica y Teoría del Consumidor